{"bhawar": 25.957677220328595, "BHANWAR": 18.111992053525622, "RE": 3.5548940876835746, "BLS": 0.23970538537156919}